Company,Funding ($M),OTE,Segment,HQ,Remote,RepVue,Industry,Job Posting URL,Date Added,Posted
Zscaler,public,,MM,San Jose,Y,,Cloud security / zero trust,https://job-boards.greenhouse.io/zscaler/jobs/5174354007,2026-07-13,2026-07-08
Workiva,public,$172K-$276K,MM/Ent,Ames IA,Y,,Financial reporting / ESG / compliance SaaS,https://workiva.wd503.myworkdayjobs.com/careers/job/USA---Remote/Account-Executive---Corporate-Commercial-Accounts---New-Customer-Acquisitions-Team_R11596-1,2026-07-13,
PostHog,,,MM/Ent,San Francisco,Y,,Product analytics (open-source),https://jobs.ashbyhq.com/posthog/f8af3807-3595-4580-a65c-dad2e268ace5,2026-07-13,2026-06-12
Certa.ai,,,Ent,,Y,,Vendor risk management / TPRM SaaS,https://jobs.ashbyhq.com/certa/2a7fb813-a341-4530-84cf-3e6b96a06c5a,2026-07-13,2026-07-01
Smartsheet,,,MM,Bellevue WA,Y,,Work management SaaS,https://job-boards.greenhouse.io/smartsheet/jobs/8054647,2026-07-12,2026-07-09
LaunchDarkly,,,MM,Oakland CA,Y,,Feature flags / DevOps SaaS,https://job-boards.greenhouse.io/launchdarkly/jobs/7790749003,2026-07-12,2026-07-07
Jama Software,,,MM,Portland OR,Y,,Requirements management SaaS,https://job-boards.greenhouse.io/jamasoftware/jobs/7931333,2026-07-12,2026-05-27
Grafana Labs,,,Ent,Remote-first,Y,,Observability / monitoring SaaS,https://job-boards.greenhouse.io/grafanalabs/jobs/6101665004,2026-07-12,2026-06-25
Fleetio,,,MM,Birmingham AL,Y,,Fleet management SaaS,https://job-boards.greenhouse.io/fleetio/jobs/4824851007,2026-07-12,2025-08-11
SOCi,,,Ent,San Diego CA,Y,,AI marketing / MarTech SaaS,https://job-boards.greenhouse.io/soci/jobs/5383812004,2026-07-12,2025-10-09
Neo4j,,$200-240K,Ent,San Mateo CA,Y,,Graph database SaaS,https://job-boards.greenhouse.io/neo4j/jobs/4695343006,2026-07-12,2026-07-07
Mabl,,,Ent,Boston MA,Y,,Test automation SaaS,https://job-boards.greenhouse.io/mabl/jobs/4058012009,2026-07-12,2025-11-12
CloudZero,,$320K,Ent,Boston MA,Y,,Cloud cost management SaaS,https://jobs.ashbyhq.com/cloudzero/c8076321-29ec-4fab-b1e3-7b21b80bf710,2026-07-12,2026-02-02
Chainguard,,$250K,Ent,Kirkland WA,Y,,Supply chain security SaaS,https://job-boards.greenhouse.io/chainguard/jobs/4676423006,2026-07-12,2026-06-12
Anomali,,,Ent,Redwood City CA,Y,,Cybersecurity / Threat Intelligence SaaS,https://jobs.lever.co/anomali/d0ea6e36-b44e-4b4d-9c9a-a3e6f55093d7,2026-07-12,2026-07-02
Acquia,,,Ent,"Boston, MA",Y,,Content management / DXP SaaS,https://job-boards.greenhouse.io/acquia/jobs/7976489,2026-07-12,2026-06-15
ProRata.ai,,$250-300K,MM/Ent,,Y,,AI Advertising / MarTech SaaS,https://jobs.ashbyhq.com/prorata/201c8dd7-2e65-4286-b98b-804b1b13dca2,2026-07-11,2026-04-06
FeedbackFruits,,$180-220K,MM/Ent,Amsterdam,Y,,EdTech / student engagement SaaS,https://jobs.ashbyhq.com/feedbackfruits/97fb6786-3eed-4851-b756-666e0388d3ce,2026-07-11,2026-06-26
CoderPad,,$200-225K,MM/Ent,San Francisco,Y,87.32,Technical assessment / developer hiring SaaS,https://jobs.lever.co/coderpad/7ffb00f1-8219-48bb-915a-daa96ecae87c,2026-07-11,2026-05-18
Prove,,,Ent,"New York, NY",Y,,Identity Verification SaaS,https://job-boards.greenhouse.io/prove/jobs/6104167004,2026-07-11,2026-07-02
PayZen,,$150-195K,Ent,"San Francisco, CA",Y,,Healthcare Payment SaaS,https://jobs.ashbyhq.com/payzen-inc/dd718dc0-5f53-4036-8296-430de408dbfe,2026-07-11,2026-04-09
Muck Rack,,$175K+,Ent,"New York, NY",Y,,PR / media intelligence SaaS,https://job-boards.greenhouse.io/muckrack/jobs/8592440002,2026-07-11,2026-06-15
Granica,,,Ent,"Mountain View, CA",Y,,AI Data Infrastructure SaaS,https://jobs.ashbyhq.com/granica/3769e2b2-b7e3-4efe-9511-c05f9bbce9ef,2026-07-11,2026-03-05
ActivTrak,,,Ent,"Austin, TX",Y,,Workforce Analytics SaaS,https://apply.workable.com/activtrak/j/0AB614ED4C,2026-07-11,
Outreach,,,MM,"Seattle, WA",Y,,Sales engagement / GTM SaaS,https://jobs.lever.co/outreach/a60fb104-ce93-4ba0-8763-ffb075b3eed1,2026-07-10,2026-06-29
GaggleAMP,,$160K+,MM,,Y,,Employee advocacy / social amplification SaaS,https://apply.workable.com/gaggleamp/j/C1C77F877C,2026-07-10,
AtoB,,,MM,San Francisco,Y,88,Fleet payments / fintech-SaaS,https://jobs.ashbyhq.com/atob/454a93d2-c70a-4138-ab2d-99ebc2b11fbb,2026-07-10,2026-05-21
WorkWave,,$190-250K,Ent,"Holmdel, NJ",Y,,Field service management SaaS,https://jobs.lever.co/workwave/5525aad1-2028-4d7b-855e-849c8fb4a79d,2026-07-10,2026-06-15
Propelus,,$200K-$300K,Ent,"Denver, CO",Y,87.72,Healthcare Compliance SaaS,https://jobs.ashbyhq.com/propelus/5b0904e1-68dc-471c-b6f4-d4d0e6aa090d,2026-07-10,2025-12-19
Oversee,,$180-220K,Ent,,Y,,Travel spend optimization SaaS,https://apply.workable.com/oversee-1/j/9CD356F5D8,2026-07-10,
BriteCore,,,Ent,,Y,,P&C insurance SaaS,https://jobs.lever.co/britecore/92826599-37d4-4967-a282-5b6009e1c9f7,2026-07-10,2024-11-06
Bluesight,,$200-220K+,Ent,,Y,,Healthcare / medication intelligence SaaS,https://jobs.lever.co/bluesight/aa4a33af-c2b4-44b2-8179-dbf1752d172a,2026-07-10,2026-05-01
Swapcard,,,MM,Paris France,Y,,Event management SaaS,https://jobs.lever.co/swapcard/0787516a-c547-4f84-9cf1-fdf8f7f59717,2026-07-09,2023-12-06
Subtotal,,$160-190K,MM/Ent,,Y,,Retail commerce data SaaS,https://jobs.ashbyhq.com/subtotal/fd9f9dc7-2b99-4f9b-acfb-245c7e772c66,2026-07-09,2026-05-20
Spekit,,$170-240K,MM,,Y,,Sales enablement / digital adoption SaaS,https://jobs.ashbyhq.com/spekit/ce632f8a-5b01-4382-984c-740d7f1975d6,2026-07-09,2026-03-03
SheerID,,,Ent,Portland OR,Y,,Identity verification SaaS,https://ats.rippling.com/sheerid/jobs/f7a808a7-dbd3-4f4e-972e-ec4416e580aa,2026-07-09,
Resilinc,,$300-320K,Ent,,Y,,Supply chain risk management SaaS,https://jobs.lever.co/resilinc/372e9550-2c15-4367-b639-86b08d4d9ac8,2026-07-09,2026-04-01
Ketch,,~$300-350K,Ent,Chicago IL,Y,90.57,Data privacy / compliance SaaS,https://jobs.lever.co/Ketch/7bf32758-9daf-4720-9a66-3fceea54d641,2026-07-09,2026-07-07
Gray Swan AI,,$314-384K,Ent,Pittsburgh PA,Y,,AI security SaaS,https://jobs.ashbyhq.com/Gray%20Swan%20AI/23c94780-c876-4bf6-8d1e-09dc6156b274,2026-07-09,2026-07-08
Edia,,,Ent,,Y,,K-12 edtech / AI platform,https://jobs.ashbyhq.com/edia/e25f3465-ec2e-4502-af42-b84adb7264e9,2026-07-09,2025-12-01
Cloudforce,,$200K+,Ent,National Harbor MD,Y,,AI platform for higher-ed / regulated industries,https://jobs.lever.co/go-cloudforce/2e145d01-f423-4049-b135-ed796270e577,2026-07-09,2026-05-14
Trackforce,,,MM,Montréal QC,Y,,Security workforce management SaaS,https://jobs.lever.co/tracktik/19d81252-e313-447d-97a3-aefc142d4814,2026-07-08,2026-05-05
Omni,,$175-250K,MM,San Francisco,Y,95.32,Analytics / BI SaaS,https://jobs.ashbyhq.com/omni/21551f45-7485-48a1-8eb5-92994a6c8747,2026-07-08,2026-02-18
OfficeSpace Software,,,MM,,Y,,workplace management SaaS,https://job-boards.greenhouse.io/officespacesoftware/jobs/5166663008,2026-07-08,2026-03-31
LTK,,,MM/Ent,Dallas TX,Y,92.73,Creator/influencer marketing platform,https://job-boards.greenhouse.io/shopltk/jobs/7797682003,2026-07-08,2026-07-07
Connecteam,,,MM,Tel Aviv,Y,93.56,Workforce management SaaS,https://connecteam.com/careers/5590674004?gh_jid=5590674004,2026-07-08,
Atrium Campus,,,MM/Ent,,Y,,campus management / higher ed SaaS,https://job-boards.greenhouse.io/atriumcampus/jobs/4178770009,2026-07-08,2026-03-11
Adaptive Security,,,MM/Ent,New York,Y,94.51,Cybersecurity SaaS,https://jobs.ashbyhq.com/adaptivesecurity/84d1c461-df52-443e-b450-370429f9a7c6,2026-07-08,2025-07-18
Loop,,~$241K,Ent,Columbus OH,Y,,ecommerce returns SaaS,https://jobs.lever.co/loopreturns/3e1f7655-ee7e-464c-89fc-b96172cdafc1,2026-07-08,2026-04-21
Dash0,,~$250K-$300K,Ent,Hamburg Germany,Y,,Observability / DevOps SaaS,https://jobs.ashbyhq.com/dash0/4dca86e7-eaa7-4e70-bd55-edf2acd9675c,2026-07-08,2025-09-08
Aerospike,,$230-300K,Ent,,Y,,database / real-time data SaaS,https://job-boards.greenhouse.io/aerospike/jobs/8590366002,2026-07-08,2026-06-12
Acceldata,,,Ent,San Jose,Y,93.96,Data observability,https://jobs.lever.co/acceldata/d30b142c-545e-4da7-a370-d9af33261373,2026-07-08,2024-01-20
doinstruct,18,$200-300K,MM/Ent,Germany (US-remote team),Y,,Frontline workforce training SaaS,https://jobs.ashbyhq.com/doinstruct/0be59ea1-c026-4845-a57b-7fa9ee76a2c7,2026-07-07,2026-03-03
Teramind,,,MM,,Y,,Software (Cybersecurity / Insider Threat),https://jobs.lever.co/teramind/31ae16da-b776-4232-8a59-67a56811d284,2026-07-07,2026-03-19
Taxwire,,$200-250K,MM,"New York, NY",Y,,Indirect tax compliance SaaS,https://jobs.ashbyhq.com/taxwire/c00267d1-544c-4ab6-b677-1d91c6cef21a,2026-07-07,2026-06-30
SentiLink,,$200-250K,MM,,Y,,Software (Identity Verification / Fintech),https://jobs.ashbyhq.com/sentilink/042f6536-1aa2-4509-9a3a-82129fcbbbc3,2026-07-07,2026-05-29
Rithum,,,MM,,Y,,Software (eCommerce / Retail Media),https://job-boards.greenhouse.io/rithum/jobs/8024519,2026-07-07,2026-06-24
Restaurant365,,,MM,,Y,,Software (Restaurant Management),https://jobs.lever.co/restaurant365/784eafb3-7f63-4896-8742-03bcdcda19b5,2026-07-07,2026-04-06
Prokeep,,$225K-$260K,MM/Ent,,Y,,Distribution SaaS (contractor/distributor comm),https://jobs.ashbyhq.com/prokeep/3f5857e6-e762-4e69-85bf-70afa252e9c4,2026-07-07,2026-07-13
Mimica,,,MM,,Y,,Software (Process Automation / Task Mining),https://jobs.ashbyhq.com/mimica/639bb362-4417-467f-a7fa-525af7d4dcf4,2026-07-07,2026-04-14
Vibes,,base $120K-$240K + comm (OTE unstated),Ent,"Chicago, IL",Y,,Mobile marketing / CX SaaS,https://job-boards.greenhouse.io/vibesllc/jobs/8114692002,2026-07-07,2025-08-12
Highlight,,$230K-$250K,Ent,,Y,,Consumer Product Research / B2B SaaS,https://jobs.lever.co/Highlight/f8f4e4fb-5b83-4808-9226-1c01c9838eff,2026-07-07,2025-02-16
Finix,,$200-300K,Ent,,Y,,Software (Payments Infrastructure),https://jobs.lever.co/finix/44827c17-871d-4db4-9fc5-81783971f98b,2026-07-07,2021-08-03
Second Nature,,$175K-$240K,MM,"Salt Lake City, UT",Y,,Property Management SaaS,https://jobs.ashbyhq.com/second-nature/68f240e8-4b92-4ed0-8c32-b854d77d9e23,2026-07-06,2026-07-06
Agiloft,,,MM,"Redwood City, CA",Y,,Contract lifecycle management (CLM) SaaS,https://jobs.lever.co/agiloft/8541d83d-bf74-4cc8-aaed-35c88a9bf084,2026-07-06,2026-05-08
Sendbird,,$260K-$300K,Ent,"San Mateo, CA",Y,,Messaging / chat API SaaS,https://job-boards.greenhouse.io/sendbird/jobs/8387308002,2026-07-06,2026-01-22
Medallion,,$290-320K,Ent,"San Francisco, CA",Y,,Healthcare SaaS,https://job-boards.greenhouse.io/medallionakafirstlayerai/jobs/4056201009,2026-07-06,2025-11-24
DataGrail,,$260K-$290K,Ent,"San Francisco, CA",Y,,Data privacy / compliance SaaS,https://job-boards.greenhouse.io/datagrail/jobs/7778458003,2026-07-06,2026-06-18
Later,,$250K–$300K,MM/Ent,"Vancouver, BC",Y,,Influencer marketing / social media SaaS,https://job-boards.greenhouse.io/later/jobs/8206711002,2026-07-05,2025-10-09
"Tellius, Inc.",,,Ent,,Y,,AI analytics / decision intelligence SaaS,https://job-boards.greenhouse.io/tellius/jobs/4826311007,2026-07-05,2025-08-12
Envoy Global,,~$175K,Ent,"Chicago, IL",Y,,Immigration management SaaS,https://job-boards.greenhouse.io/envoyglobalinc/jobs/6000245004,2026-07-05,2026-05-20
Eleos Health,,,Ent,Burlington MA,Y,,Behavioral health SaaS,https://job-boards.eu.greenhouse.io/eleoshealth/jobs/4791600101,2026-07-05,2026-02-26
Tableau (Salesforce),,"Base $77,550-$267,250 (OTE ~$155K-$285K ",MM/Ent,"Seattle, WA",Y,,Software,https://careers.salesforce.com/en/jobs/jr298335/commercialenterprise-account-executive-tableau-tech-mediaconsumer-business-services/,2026-07-04,
Rally UXR,,$240-300K,MM/Ent,,Y,,UX research platform,https://jobs.ashbyhq.com/rallyuxr/24ddb09f-bfc3-4d1b-95de-14d7730ade55,2026-07-04,2025-11-20
Infisical,19,,MM,San Francisco,Y,,Secrets mgmt / security infra,https://jobs.ashbyhq.com/infisical/1c7943a5-81b9-48dd-a355-bab3492399f1,2026-07-04,2026-05-22
Grace Hill,,$145K,MM,,Y,,Property management SaaS,https://gracehill.applytojob.com/apply/pCSI71nTid/Account-Executive,2026-07-04,
Fello,,,MM,,Y,,Real estate marketing / CRM SaaS,https://fello.rippling-ats.com/job/776922/senior-account-executive,2026-07-04,
Dovetail,,,MM,"Sydney, Australia",Y,,User research / product insights SaaS,https://jobs.ashbyhq.com/dovetail/f963c62b-100d-47df-b5aa-954464065bb2,2026-07-04,2026-05-29
Bitwarden,100,,MM,"Santa Barbara, CA",Y,,Security SaaS (password management),https://bitwarden.com/careers/7789818003/?gh_jid=7789818003,2026-07-04,
Retool,350,$180-350K base,Ent,San Francisco,Y,84,Internal-tools / app dev,https://retool.com/careers/account-executive-enterprise-east--sales--united-states-remote,2026-07-04,
Pushpay,,$180K-$200K,Ent,"Redmond, WA",Y,,Donor engagement SaaS (faith organizations),https://job-boards.greenhouse.io/pushpay/jobs/8051229,2026-07-04,2026-07-08
Onshape (PTC),,,Ent,"Boston, MA",Y,,CAD / Engineering SaaS,https://ptc.wd1.myworkdayjobs.com/en-US/PTC/job/Strategic-Account-Executive---Onshape_JR110032,2026-07-04,
Lumos,,,Ent,"San Francisco, CA",Y,,SaaS management / app governance,https://jobs.ashbyhq.com/lumos/29e2c4e5-d7c8-4e00-9c51-9aad8509a9c3,2026-07-04,2025-12-05
Deepgram,215,$300-340K,Ent,San Francisco,Y,96,Voice AI / speech infra,https://jobs.ashbyhq.com/Deepgram/91ea80f4-cc54-4c52-8ef5-d2c2b2764640,2026-07-04,2025-09-05
DailyPay,,,Ent,"New York, NY",Y,,Earned wage access / HR benefits SaaS,https://jobs.ashbyhq.com/dailypay/85c57e2b-2535-4f66-91b5-d36f71dda1ce,2026-07-04,2026-06-17
ControlUp,,,MM,"Santa Clara, CA",Y,,Software (IT Operations / Digital Employee Experience SaaS),https://jobs.lever.co/controlup/59b39087-15e5-4ea5-ba36-e68e10863053,2026-07-03,2026-04-24
Classy.org (GoFundMe Pro),,$135K-$200K,MM,"San Diego, CA",Y,,Nonprofit Fundraising SaaS,https://job-boards.greenhouse.io/gofundme/jobs/7398335,2026-07-03,2025-11-26
Addepar,415,,MM,"Mountain View, CA",Y,,Wealth management / investment data SaaS,https://job-boards.greenhouse.io/addepar1/jobs/8425969002,2026-07-03,2026-06-25
Smarsh,,,Ent,"Portland, OR",Y,,Compliance archiving B2B SaaS (financial services),https://jobs.lever.co/smarsh/cd0167b4-bdc3-49f6-b215-e267efed3365,2026-07-03,2026-03-19
Northspyre,,$250K+,Ent,"Atlanta, GA",Y,,Construction / Real Estate Development SaaS,https://job-boards.greenhouse.io/northspyre/jobs/7774971003,2026-07-03,2026-06-16
NinjaOne,231,,Ent (SLED),"Austin, TX",Y,,IT management SaaS (MSP/endpoint),https://jobs.jobvite.com/ninjaone/job/oCanAfwt,2026-07-03,
Fonoa,,,Ent,"Dublin, Ireland (US remote team)",Y,,Tax automation SaaS,https://jobs.ashbyhq.com/fonoa/17d99b1a-5177-488c-b485-6db96ee02bc6,2026-07-03,2026-05-08
Fieldguide,,$280K-$340K (base $140K-$170K 50/50),Ent,"San Francisco, CA",Y,,Audit/advisory workflow SaaS,https://jobs.ashbyhq.com/fieldguide/577d105c-eba7-4c2d-af9d-3a1cf7a92c3a,2026-07-03,2025-12-12
CreatorIQ,,,Ent,"Los Angeles, CA",Y,,Software (B2B Influencer Marketing / Creator Intelligence SaaS),https://jobs.ashbyhq.com/creatoriq/123df564-db11-46f0-b59a-0659b1491ce4,2026-07-03,2026-05-04
Zapier,,$180-230K,MM,"San Francisco, CA (fully remote)",Y,83.77,Software (Workflow Automation B2B SaaS),https://jobs.ashbyhq.com/zapier/d4576c10-a27e-47fa-a056-30c898b9e672,2026-07-02,2026-04-09
Widewail,,$140K,MM,"Burlington, VT",Y,83.25,Software,https://ats.rippling.com/widewail/jobs/c0b9e2d9-98f3-4d39-8a74-430e0eb9e93a,2026-07-02,
TrustArc,,,MM/Ent,"San Francisco, CA",Y,83.54,Software (Data Privacy SaaS),https://jobs.lever.co/trustarc/86de7104-e6a0-4a23-953d-7c7b66ac514b,2026-07-02,2026-04-29
Procore Technologies,,$174K–$240K,MM,"Carpinteria, CA",Y,83.20,Software,https://careers.procore.com/jobs/commercial-account-executive-us-remote-ma-massachusetts-united-states,2026-07-02,
Portnox,,,MM/MM-Ent,"Austin, TX (R&D Israel)",Y,83.17,Information Technology and Services,https://portnox.pinpointhq.com/jobs/209552,2026-07-02,
Figma,,,MM,"San Francisco, CA",Y,83.82,Software,https://job-boards.greenhouse.io/figma/jobs/5422236004,2026-07-02,2025-01-22
Datarails,,,MM,New York,Y,83,FP&A software,https://job-boards.greenhouse.io/datarails/jobs/4302569009,2026-07-02,2026-07-02
Contentstack,,~$210K-$260K (base $105K-$130K + variabl,MM,"San Francisco, CA",Y,83.61,Software / Headless CMS SaaS,https://job-boards.greenhouse.io/Contentstack/jobs/7763656003,2026-07-02,2026-06-15
Verse.ai,,$290K–$350K,Ent,"San Francisco, CA",Y,83.34,Energy Intelligence Software (B2B SaaS),https://job-boards.greenhouse.io/verse/jobs/5158103008,2026-07-02,2026-03-18
Superside,,~$235K (RepVue median),Ent,"San Francisco, CA",Y,83.87,Professional / Business Services,https://careers.superside.com/jobs/enterprise-account-executive,2026-07-02,
Obsidian Security,,,Ent,"Newport Beach, CA",Y,83.16,Software,https://job-boards.greenhouse.io/obsidiansecurity/jobs/4822499008,2026-07-02,2025-08-27
Forma.ai,,,Ent,Toronto,Y,83,Sales performance management,https://job-boards.greenhouse.io/formaaiinc/jobs/4295669005,2026-07-02,2023-07-18
Dynatrace,,"~$280K-$384K (base $140K-$192K, ~49/51 s",Ent,"Waltham, MA",Y,83.98,Software,https://www.dynatrace.com/careers/jobs/1358790800/,2026-07-02,
Datch,,,Ent,"San Francisco, CA",Y,83.60,Software,https://www.datch.io/jobs/account-executive,2026-07-02,
ClickUp,,,Ent,San Diego,Y,83,Productivity / work management,https://jobs.ashbyhq.com/clickup/b7c38a60-b46d-475a-b15b-757421abfc03,2026-07-02,2026-06-18
Akamai,,"$157,900–$328,100",Ent,"Cambridge, MA",Y,83.15,Software,https://jobs.akamai.com/en/sites/CX_1/job/1545,2026-07-02,
Adthena,,,Ent,Austin / London,Y,83,Search intelligence,https://jobs.ashbyhq.com/adthena/29939a07-c944-4535-9252-daae6c2e55d4,2026-07-02,2026-06-26
Active Network (Global Payments),,,Ent,"Atlanta, GA",Y,83.46,Software (Recreation Management SaaS),https://jobs.globalpayments.com/en/jobs/r0069162/senior-account-executive-enterprise/,2026-07-02,
Vividly,,$200K,MM/Ent,"San Francisco, CA",Y,84.20,Software,https://ats.rippling.com/vividly/jobs/70e228c8-d43e-49fd-b935-706f43b07323,2026-07-01,
OnBoard,,,MM,"Indianapolis, IN",Y,84.83,Software,https://job-boards.greenhouse.io/onboardmeetings/jobs/6098585004,2026-07-01,2026-06-22
Breezeway,,,MM/Ent,"Boston, MA",Y,85.09,Internet / Hospitality SaaS,https://job-boards.greenhouse.io/breezeway/jobs/5231813008,2026-07-01,2026-05-26
Bloomerang,,$145K,MM,"Indianapolis, IN",Y,84.14,Software (Nonprofit Donor Management SaaS),https://job-boards.greenhouse.io/bloomerang/jobs/4676861005,2026-07-01,2026-03-24
AssetWatch,,,MM,"Charlotte, NC",Y,85.24,Manufacturing / IoT SaaS,https://job-boards.greenhouse.io/assetwatch/jobs/4633800005,2026-07-01,2025-11-25
Vertex Inc.,,$160K–$300K,Ent,"King of Prussia, PA",Y,85.83,Software (Tax Technology SaaS),https://builtin.com/company/vertex/jobs,2026-07-01,
Verifiable,,,Ent,"Austin, TX (fully remote)",Y,84.88,Healthcare Credentialing SaaS,https://jobs.lever.co/verifiable/5a01eded-7e4c-473d-8dd5-0711cd08ebb0,2026-07-01,2025-08-05
Varicent,,,Ent,"Toronto, Canada",Y,85.76,Software (Sales Performance Management),https://job-boards.greenhouse.io/varicent/jobs/4826237008,2026-07-01,2025-08-06
Turquoise Health,,$220K–$245K,Ent,"San Diego, CA (fully remote company)",Y,84.93,Healthcare SaaS / Price Transparency,https://jobs.ashbyhq.com/turquoise-health/a25eb0dd-89bd-4a59-94a2-f8439fe3f10b,2026-07-01,2026-03-18
Taulia,,,Ent,"San Francisco, CA",Y,86.21,Finance / Fintech SaaS,https://careers.taulia.com/job/Regional-Account-Executive-%28Midwest%29/1354118500/,2026-07-01,
Smartling,,"$200,000–$240,000",Ent,"New York, NY",Y,84.46,Software,https://job-boards.greenhouse.io/smartling/jobs/7438991,2026-07-01,2025-12-03
Runway,,$250K–$300K,Ent,"New York, NY",Y,84.98,Software,https://jobs.ashbyhq.com/runway-ml/0a79e4be-d7ea-4d43-9400-33a23f552b81,2026-07-01,2025-07-07
Juniper Square,,,Ent,"San Francisco, CA",Y,85.00,Information Technology and Services,https://jobs.ashbyhq.com/junipersquare/f4864a91-dfc8-47f4-b0af-ae3fb3f65557,2026-07-01,2026-04-21
FireMon,,,Ent,"Overland Park, KS",Y,85.31,Software (Cybersecurity),https://jobs.lever.co/firemon/c5c7c67f-617d-4740-ba8c-94d071de60ee,2026-07-01,2026-02-17
Endor Labs,,$240K–$320K,Ent,"Palo Alto, CA",Y,84.84,Software / Application Security,https://job-boards.greenhouse.io/endorlabs/jobs/4704667005,2026-07-01,2026-06-10
Crunchtime (Zenput),,$200K–$240K,Ent,"Boston, MA",Y,79.59,Restaurant Operations SaaS,https://boards.greenhouse.io/zenput/jobs/5792748004,2026-07-01,2026-02-04
BuildOps,,$280K–$300K,Ent,"Los Angeles, CA",Y,84.75,Software,https://job-boards.greenhouse.io/buildops/jobs/5818344004,2026-07-01,2026-03-03
AcuityMD,,"$240,000–$300,000",Ent,"Boston, MA",Y,84.53,Medical Device SaaS,https://job-boards.greenhouse.io/acuitymd/jobs/5722026004,2026-07-01,2025-11-25
UserGems,,$192K,MM,"San Francisco, CA",Y,94.37,Software,https://job-boards.greenhouse.io/usergems/jobs/4277949004,2026-06-30,2022-01-03
Tremendous,,$160K,MM,"New York, NY",Y,93.16,Software,https://jobs.ashbyhq.com/tremendous/4aee93f6-d28c-4c29-93e1-0440cbac6968,2026-06-30,2026-05-08
Tekmetric,,,MM,"Austin, TX",Y,89.02,Software,https://job-boards.greenhouse.io/tekmetric/jobs/6016176004,2026-06-30,2026-06-10
Stripe,,$239K–$358K,MM/Ent,"San Francisco, CA",Y,87.83,Internet / Fintech SaaS (Payments Infrastruct,https://stripe.com/jobs/search?gh_jid=7298935,2026-06-30,
Snapdocs,,$250K ($125K base + $125K variable),MM,"San Francisco, CA",Y,87.69,Software (B2B SaaS - mortgage/real estate clo,https://jobs.ashbyhq.com/snapdocs/428f417c-d769-4154-bc24-47f2c727505f,2026-06-30,2026-06-05
Singular,,,MM/Ent,"San Francisco, CA",Y,87.05,Software (mobile marketing analytics),https://jobs.ashbyhq.com/singular/2eef2b4a-8db5-4340-a600-050119b35c98,2026-06-30,2026-05-18
Scribe,,$220K (50/50 split),MM,"San Francisco, CA",Y,91.16,Software / B2B SaaS,https://jobs.ashbyhq.com/scribe/369a6e96-26df-4c46-b877-0505aabd5dfc,2026-06-30,2026-06-23
QA Wolf,,$200K–$280K,MM,"San Francisco, CA",Y,94.63,Software,https://jobs.ashbyhq.com/qawolf/0de41761-2f0d-4c6d-8977-e81adf516cd9,2026-06-30,2026-04-21
Postman,,$180-230K,MM,San Francisco,Y,,API development platform,https://job-boards.greenhouse.io/postman/jobs/7722321003,2026-06-30,2026-05-01
Popl,,Base $180K–$240K + commission (OTE not stated),MM/Ent,"Los Angeles, CA",Y,94.93,Software,https://jobs.ashbyhq.com/popl/a3995bd3-9c3a-4f27-a099-a5b8730bd944,2026-06-30,2026-04-22
Parchment (Instructure),,$180K–$225K,MM,"Salt Lake City, UT",Y,,Software (EdTech SaaS),https://jobs.ashbyhq.com/instructure/01f00df3-de5e-4144-8d89-c2374359d2b2,2026-06-30,2026-04-27
Nooks,,$230K,MM,"San Francisco, CA",Y,95.75,Software,https://jobs.ashbyhq.com/nooks/3286a58d-9b83-4243-8e7a-f10576be31df,2026-06-30,2026-03-30
NeuraFlash,,,MM/Ent,"Needham, MA",Y,89.52,Salesforce/AWS Consulting SaaS,https://job-boards.greenhouse.io/neuraflash/jobs/6013420004,2026-06-30,2026-06-03
Maxwell,,$120K–$220K (base $80K–$110K at 1.5–2x),MM,"Denver, CO",Y,95.17,Software (Mortgage Tech SaaS),https://job-boards.greenhouse.io/maxwell/jobs/4683224005,2026-06-30,2026-04-09
Karbon,,"$212,000",MM,"San Francisco, CA",Y,93.66,Software,https://job-boards.greenhouse.io/karbon/jobs/5794974004,2026-06-30,2026-02-05
Horizon3.ai,,$180K–$240K,MM/Ent,"San Francisco, CA",Y,89.56,Cybersecurity SaaS,https://jobs.ashbyhq.com/horizon3ai/c72d82d9-ec73-4163-9b8e-00be0623ae44,2026-06-30,2026-04-22
HockeyStack,,"$160,000–$250,000",MM/Ent,"San Francisco, CA",Y,91.65,Software (B2B SaaS - Revenue Attribution / GTM Analytics),https://jobs.ashbyhq.com/hockeystack/ea8c20c1-9d94-4884-ad01-e9f839bd8411,2026-06-30,2026-06-17
Garner Health,,"$200,000–$225,000",MM,"New York, NY",Y,90.11,Health Benefits / B2B SaaS,https://job-boards.greenhouse.io/garnerhealth/jobs/5651451004,2026-06-30,2025-09-19
Flockjay,,,MM/MM-Ent,"San Francisco, CA",Y,88.22,B2B SaaS (Sales Enablement),https://www.ycombinator.com/companies/flockjay/jobs/Xbe2JkG-account-executive,2026-06-30,
Embrace,,$225K–$300K,MM/Ent,"Los Angeles, CA",Y,86.96,Internet / Mobile Observability SaaS,https://job-boards.greenhouse.io/embrace/jobs/5591155004,2026-06-30,2025-07-16
Balto,,$245K–$255K,MM,"St. Louis, MO",Y,88.93,Software (AI contact center / sales coaching),https://ats.rippling.com/balto/jobs/3c26c96d-3dad-47f1-81c9-5c38095a5e76,2026-06-30,
Amplemarket,,,MM,"San Francisco, CA",Y,95.97,Software,https://job-boards.eu.greenhouse.io/amplemarket/jobs/4823568101,2026-06-30,2026-03-26
Aligned,,"$220,000",MM,"Wilmington, DE",Y,88.37,Software (B2B SaaS - Digital Sales Rooms),https://job-boards.greenhouse.io/aligned/jobs/4685191101,2026-06-30,2025-10-02
Yipitdata,,Up to $210K ($125K-$135K base + 100% var,Ent,"New York, NY",Y,87.65,Finance / Data SaaS (alternative data for ent,https://job-boards.greenhouse.io/yipitdata/jobs/5585428,2026-06-30,2024-01-03
Writer,369,$340-350K,Ent,San Francisco,Y,,AI enterprise platform,https://jobs.ashbyhq.com/writer/55e79a1b-ca5b-42be-89d6-21409d034713,2026-06-30,2026-04-01
Tive Inc,,,Ent,"Boston, MA",Y,90.44,Transportation / Supply Chain Visibility,https://ats.rippling.com/tive-careers/jobs/369db993-aacb-428d-bf85-2f35758b2064,2026-06-30,
Sprinto,,$140K–$200K,Ent,"San Francisco, CA",Y,89.48,Security Compliance SaaS,https://jobs.lever.co/Sprinto/71158459-781d-43bd-984c-f16af3b503fa,2026-06-30,2026-02-10
Shift Technology,,Base $130K-$180K + variable (est. OTE $2,Ent,"Paris, France (US ops remote)",Y,87.65,Software (B2B SaaS - AI for insurance),https://job-boards.greenhouse.io/shifttechnology/jobs/4766257003,2026-06-30,2021-10-18
Satori Cyber,,$300K–$320K,Ent,"San Diego, CA",Y,87.08,Software (data security/cybersecurity SaaS),https://satoricyber.com/careers/enterprise-account-executive-locationus-east/,2026-06-30,
Sanity,,,Ent,"San Francisco, CA",Y,87.79,Software (Content Platform SaaS),https://www.sanity.io/careers/ae-usa,2026-06-30,
Riskonnect,,~$250K-$265K (base $130K-$135K per RepVu,Ent,"Atlanta, GA",Y,87.72,Software (B2B SaaS - Integrated Risk Manageme,https://careers.ta.com/companies/riskonnect/jobs/37664775-account-executive,2026-06-30,
Rafay,,,Ent,"Sunnyvale, CA",Y,87.36,Software,https://rafay.co/careers/enterprise-account-executive-us-remote,2026-06-30,
Pricefx,,,Ent,"Chicago, IL",Y,87.22,Software,https://careers.jobscore.com/careers/pricefx/jobs/enterprise-account-executive-co-htuQD5p84LpuKVOWVL_,2026-06-30,
Megaport,,~$300K (market data; not stated in posti,Ent,"Brisbane, Australia (US operations)",Y,88.60,Internet / Network-as-a-Service,https://jobs.lever.co/megaport/c1fd8abd-364c-498a-906d-34ca8d69d1b4,2026-06-30,2026-06-10
LettrLabs,,$245K–$265K,Ent,"Denver, CO",Y,98.05,Professional / Business Services,https://job-boards.greenhouse.io/lettrlabs/jobs/4048815009,2026-06-30,2025-11-04
Kyriba,,$265K–$320K (base $147K–$186K),Ent,"San Diego, CA",Y,87.08,Software (treasury/financial SaaS),https://kyriba.wd5.myworkdayjobs.com/en-US/Kyriba-Careers/job/Strategic-Account-Executive_R-06229,2026-06-30,
Jellyfish Co,,$280K–$330K (comp range stated; likely OTE),Ent,"Boston, MA",Y,91.15,Software / B2B SaaS,https://jobs.ashbyhq.com/jellyfish/6d08e74c-0866-4b0b-a196-c1ee674bcba1,2026-06-30,2026-06-10
Insider One,,$300K,Ent,"Istanbul, Turkey (US remote role)",Y,89.89,MarTech SaaS,https://jobs.lever.co/insiderone/4fbfb579-7cef-4be9-aca5-2a5b87d38f3d,2026-06-30,2026-01-09
Freshpaint,,$300K–$350K,Ent,"San Francisco, CA",Y,94.55,Information Technology and Services,https://jobs.ashbyhq.com/freshpaint/5dc519d9-75b8-4331-8d02-fdf813061a63,2026-06-30,2025-11-21
FMX,,,Ent,"Columbus, OH",Y,89.01,Software,https://apply.workable.com/fmx/j/19BF5A3A6E,2026-06-30,
Element451,,,Ent,"Chapel Hill, NC",Y,93.59,Software,https://jobs.ashbyhq.com/element451/3a77c579-edc9-429f-a9d1-7f3c0e081400,2026-06-30,2025-06-13
Doxel,,$220K–$320K,Ent,"Redwood City, CA",Y,88.88,Software (AI construction tech),https://jobs.lever.co/doxel/ae7d9fa9-7a7e-4060-b810-db04d29aae66,2026-06-30,2026-01-13
Domino Data Lab,,$300K–$350K,Ent,"San Francisco, CA",Y,86.37,Software,https://app.careerpuck.com/job-board/domino-data-lab/job/7815069?gh_jid=7815069,2026-06-30,
Cursor,,,Ent,"San Francisco, CA",Y,98.32,Software,https://jobs.ashbyhq.com/cursor/0ecf8ce6-a31a-410a-a49c-d73e76a94c49,2026-06-30,2026-06-05
Creatio,,$240K–$310K,Ent,"Boston, MA",Y,87.88,Software (No-code CRM/BPM SaaS),https://www.creatio.com/company/careers/job-openings/enterprise-account-executive-usa,2026-06-30,
Buildkite,,"$220K–$300K (base $110K–$150K, 50/50 spl",Ent,"Melbourne, Australia",Y,86.34,Software,https://job-boards.greenhouse.io/buildkite/jobs/4951727008,2026-06-30,2025-10-10
Braintrust.dev,,,Ent,"San Francisco, CA",Y,91.68,Software (B2B SaaS - AI Evaluation Platform),https://jobs.ashbyhq.com/braintrust/1eff314f-8261-484b-9ead-e44646d79003,2026-06-30,2026-04-21
AlphaSense,,$230K–$280K est. (base $99K–$155K + unca,Ent,"New York, NY",Y,88.24,Software,https://job-boards.greenhouse.io/AlphaSense/jobs/8169790002,2026-06-30,2025-09-16
A-LIGN,,,Ent,"Tampa, FL",Y,87.22,Information Technology and Services,https://job-boards.greenhouse.io/ALIGN/jobs/8045085002,2026-06-30,2025-06-23
6sense,,,Ent,San Francisco,Y,,ABM / B2B predictive intelligence,https://job-boards.greenhouse.io/6sense/jobs/8052411,2026-06-30,2026-07-13
Amplitude,,,Ent,San Francisco,Y,,Product analytics,https://job-boards.greenhouse.io/amplitude/jobs/8593702002,2026-06-29,2026-06-16
Webflow,336,,MM,San Francisco,Y,,Website builder / digital experience,https://job-boards.greenhouse.io/webflow/jobs/6124408,2026-06-23,2024-08-21
Pigment,390,~$200-320K,MM/Ent,Paris / US,Y,,FP&A / business planning SaaS,https://jobs.lever.co/pigment/ffcd4bd3-b8c0-4778-a545-49d70511ed72,2026-06-23,2026-06-02
Lattice,206,$185-218K,MM,San Francisco,Y,,HR performance management,https://lattice.com/job?gh_jid=8599312002,2026-06-23,2026-06-25
Highspot,,$190-260K,MM,Seattle,Y,,Sales enablement / GTM platform,https://jobs.lever.co/highspot/12b7f6f1-6582-4288-911b-746e9c502665,2026-06-22,2026-06-17
Vantage,25,$160-320K,MM/Ent,Brooklyn NY,Y,,Cloud cost / FinOps,https://jobs.ashbyhq.com/vantage/28a3b563-f10d-496c-bf8d-7c8ab1ad0aef,2026-06-19,2026-06-24
Trunk Tools,70,,MM/Ent,New York,Y,,Construction AI / project mgmt,https://jobs.ashbyhq.com/Trunk%20Tools/374c4cef-f34d-47ec-892d-b219e8222a66,2026-06-19,2026-04-27
Thoropass,98,$250-300K,MM,New York,Y,,GRC / SOC2 compliance,https://job-boards.greenhouse.io/thoropass/jobs/6001426004,2026-06-19,2026-05-20
Sumo Logic,346,~$176-206K,MM,Redwood City,Y,,Cloud security / SIEM,https://job-boards.greenhouse.io/sumologic/jobs/7985960,2026-06-19,2026-06-09
Samsara,public,$152-190K,MM,San Francisco,Y,86,Fleet / IoT telematics,https://www.samsara.com/company/careers/roles/7609126?gh_jid=7609126,2026-06-19,
Render,258,$200-330K,MM/Ent,San Francisco,Y,,Cloud app hosting / PaaS,https://jobs.ashbyhq.com/render/c6b1ea04-755d-46e8-b197-68c235aff85c,2026-06-19,2025-08-18
Maxio,150,,SMB/MM,Atlanta,Y,,SaaS billing & revenue,https://maxio.applytojob.com/apply/usMeWdgx3X,2026-06-19,
Lytx,769,$250-290K,MM,San Diego,Y,69,Fleet video telematics,https://lytx.wd1.myworkdayjobs.com/en-US/Lytx/job/Senior-Account-Executive--Mid-Market-_R-3981,2026-06-19,
Huntress,298,$160K,MM,Ellicott City MD,Y,,Managed cybersecurity / MDR,https://job-boards.greenhouse.io/huntress/jobs/7778495003,2026-06-19,2026-06-23
Hex,172,$220-240K,MM,San Francisco,Y,,Data science / analytics,https://hex.tech/careers/midmarket-account-executive/,2026-06-19,
Eve,164,$300-310K (Ent) / $150-200K base (MM),MM/Ent,San Francisco,Y,,AI-native legal platform,https://job-boards.greenhouse.io/eve/jobs/4299960009,2026-06-19,2026-06-26
Doppler,29,$220-250K,MM/Ent,San Francisco,Y,,Secrets management,https://jobs.ashbyhq.com/Doppler/1d4d38d5-4501-4c76-91bc-538521020099,2026-06-19,2026-06-24
Customer.io,bootstrapped,~$190K,MM/Ent,Portland,Y,,Messaging / marketing automation,https://job-boards.greenhouse.io/customerio/jobs/7971675,2026-06-19,2026-06-02
Bloomreach,422,$200-250K,MM,Mountain View,Y,89,E-commerce personalization,https://job-boards.greenhouse.io/bloomreach/jobs/7051101,2026-06-19,2025-07-08
BILL,public,$160-227K (MM) / $224-329K (Ent),MM/Ent,San Jose,Y,81,AP/AR automation / payments,https://job-boards.greenhouse.io/billcom/jobs/6019000004,2026-06-19,2026-06-10
Arctic Wolf,899,,Ent (MM-focused),Eden Prairie MN,Y,,MDR / SOC / security ops,https://arcticwolf.wd1.myworkdayjobs.com/External,2026-06-19,
Apollo.io,250,~$180K,MM,San Francisco,Y,85,Sales intelligence / GTM,https://job-boards.greenhouse.io/apolloio/jobs/6015562004,2026-06-19,2026-06-05
Abnormal Security,534,~$170-200K,MM,San Francisco,Y,,Email / AI cybersecurity,https://job-boards.greenhouse.io/abnormalsecurity/jobs/7662284003,2026-06-19,2026-03-12
Sigma Computing,581,~$220K,Ent,San Francisco,Y,,Cloud BI / analytics,https://job-boards.greenhouse.io/sigmacomputing/jobs/7767630003,2026-06-19,2026-06-09
Rippling,2400,~$300K,Ent,San Francisco,Y,86,HRIS / HCM + IT/Finance,https://ats.rippling.com/rippling/jobs/0db7c317-22c6-4e86-a67d-09e573ce0d96,2026-06-19,
Monte Carlo,236,$300-350K,Ent,San Francisco,Y,,Data observability / quality,https://jobs.ashbyhq.com/montecarlodata/4a57ba0f-3be5-4138-b863-f8c7a575c3e0,2026-06-19,2026-05-14
Komodo Health,314,$140-180K base+comm,Ent,San Francisco,Y,79,Healthcare data / analytics,https://job-boards.greenhouse.io/komodohealth/jobs/7230255002,2026-06-19,2024-02-14
Keeper Security,60,,Ent,Chicago,Y,,IAM / PAM / secrets mgmt,https://job-boards.greenhouse.io/keepersecurity/jobs/4090345009,2026-06-19,2026-01-01
Honeycomb,177,$274-300K,Ent,San Francisco,Y,81,Observability,https://job-boards.greenhouse.io/honeycomb/jobs/4662407008,2026-06-19,2025-05-02
Halcyon,209,$280-320K,Ent,Austin,Y,,Anti-ransomware / endpoint,https://job-boards.greenhouse.io/halcyon/jobs/5708979004,2026-06-19,2025-12-01
Gong,583,$270-330K,Ent,San Francisco,Y,88,Revenue intelligence / salestech,https://job-boards.greenhouse.io/gongio/jobs/4655626006,2026-06-19,2026-02-20
Glean,504,$260-320K,Ent,Palo Alto,Y,80,Enterprise AI assistant / search,https://job-boards.greenhouse.io/gleanwork/jobs/4694661005,2026-06-19,2026-05-13
GitGuardian,56,$310-340K,Ent (West only),Paris / US,Y,,Secrets detection / DevSecOps,https://careers.gitguardian.com/jobs/7861885-enterprise-account-executive-west,2026-06-19,
Cresta,282,$240-300K,Ent,San Francisco,Y,91,Generative AI for contact centers,https://job-boards.greenhouse.io/cresta/jobs/4494927008,2026-06-19,2025-02-25
Commure,750,~$300K,Ent,Mountain View,Y,78,AI healthcare ops / RCM,https://jobs.ashbyhq.com/commure/cde9a56a-e907-4277-a9f1-a6b7f9e9ae6e,2026-06-19,2026-04-27
ClickHouse,1050,$280-320K,Ent,Bay Area,Y,,Real-time analytics / OLAP DB,https://job-boards.greenhouse.io/clickhouse/jobs/5800037004,2026-06-19,2026-02-20
Arize AI,131,$250-300K,Ent,Berkeley/SF,Y,87,AI / LLM observability,https://job-boards.greenhouse.io/arizeai/jobs/6098773004,2026-06-19,2026-06-22
Apollo GraphQL,183,$110-210K,Ent,San Francisco,Y,76,API / GraphQL platform,https://jobs.ashbyhq.com/apollo-graphql/415db1ad-746c-4384-acda-7caadf5c457b,2026-06-19,2026-04-30
Accrue,29,$240-320K,Ent,New York,Y,,Payments / branded wallets,https://job-boards.greenhouse.io/accrue/jobs/4497383008,2026-06-19,2025-01-16
SWEEP,,$150K-$220K,MM/Ent,New York City,Y,85,Carbon management / ESG SaaS,https://jobs.ashbyhq.com/sweep/8650e0ca-330d-4c2a-b279-81a236581da1,2026-07-15,2026-05-21
TheGuarantors,,"$180,000-$235,000",MM/Ent,,"Remote, US",,Insurtech/Fintech (multifamily),https://ats.rippling.com/theguarantors-open-positions/jobs/0dc4f5a7-e5c3-4027-bf78-bca413498c9c,2026-07-15,
Nexthink,,"$300,000-$360,000",Ent,"Boston, MA","Remote, US (West region)",,Digital Employee Experience SaaS,https://jobs.smartrecruiters.com/Nexthink/744000134033550-enterprise-account-executive,2026-07-15,2026-06-24
Pendulum,,"$300,000",Ent,,"Remote, US/Canada",,Risk/narrative intelligence SaaS,https://ats.rippling.com/pendulum-intelligence-jobs/jobs/32a031c5-00c2-4ec9-b40c-2526d8e564dc,2026-07-15,
Routeware,,,Ent,"Portland, OR","Remote, US",,Waste/fleet management SaaS,https://ats.rippling.com/routeware-careers/jobs/4815d630-1849-431f-b15f-df2d6f0f071f,2026-07-15,
Klir,,,Ent,"Toronto, Canada","Remote, US",,Water utility SaaS,https://ats.rippling.com/klir/jobs/81400beb-78a1-4c8a-8f77-9028e60b59e8,2026-07-15,
IFS,,,Ent,"Itasca, IL","Remote, US",,Enterprise Asset Mgmt SaaS (Manufacturing),https://jobs.smartrecruiters.com/IFS1/744000127015970-account-executive-strategic-accounts-expansion-manufacturing-remote-us-,2026-07-15,2026-05-18
Mimecast,,"$144,000-$216,000",MM,"Lexington, MA","Remote, US (Illinois)",,Email Security SaaS,https://careers.mimecast.com/en/jobs/r6394/account-executive-mid-market-north-central/,2026-07-15,2026-07-08
Reacher,,,MM/Ent,"Los Angeles, CA","Remote, US",,Social commerce SaaS (TikTok Shop),https://jobs.ashbyhq.com/reacher/a6065758-c1c8-4067-94f3-6550c57fe514,2026-07-15,2025-09-10
MoxiWorks,,"$175,000",MM,"Bellevue, WA","Remote, USA",,Real Estate SaaS,https://ats.rippling.com/moxiworks-careers/jobs/43671ccd-a0dd-4391-9ab0-e8084f5f4493,2026-07-15,
Anaconda,,,MM,"Austin, TX","Remote, US (East territory)",,Data science / Python / AI platform,https://ats.rippling.com/anaconda/jobs/59d2be31-6641-4d05-8749-af7c92b9f871,2026-07-15,
Hostaway,,,MM,,"Remote, North America (EST/CST)",,Property management SaaS,https://careers.hostaway.com/o/account-executive-remote-north-america,2026-07-15,2026-05-20
Sectigo,,"$200,000-$240,000",Ent,"Roseland, NJ","Remote, US (region-preferred)",,Cybersecurity / digital certificates,https://jobs.smartrecruiters.com/Sectigo/3743990013795306-enterprise-sales-account-executive-sled-chicago-midwest-,2026-07-15,2026-06-25
TCP Software,,,Ent,"Plano, TX","Remote, US",,Workforce management SaaS,https://apply.workable.com/j/F74D180CB5,2026-07-15,2026-04-22
Copado,,,Ent,"New Orleans, LA","Remote, US (SLED)",,DevOps SaaS (Salesforce),https://ats.rippling.com/en-GB/copado/jobs/6e539d26-b5fe-4d70-8b99-1ae100c4f190,2026-07-15,
